representation,family,n_train,seed,C,accuracy,macro_f1
tfidf,TF-IDF,50,42,0.1,0.635,0.6323436831104732
tfidf,TF-IDF,50,43,0.01,0.66,0.6541552232733191
tfidf,TF-IDF,100,42,0.1,0.65,0.648735447611401
tfidf,TF-IDF,100,43,1.0,0.66,0.6583257964023717
w2v-self,Word2Vec,50,42,10.0,0.59,0.59
w2v-self,Word2Vec,50,43,100.0,0.605,0.6014026589974519
w2v-self,Word2Vec,100,42,0.1,0.605,0.6041985019664822
w2v-self,Word2Vec,100,43,10.0,0.65,0.6477455716586151
w2v-pre,Word2Vec,50,42,1.0,0.735,0.7346749768466372
w2v-pre,Word2Vec,50,43,0.01,0.71,0.7089522280208751
w2v-pre,Word2Vec,100,42,0.1,0.69,0.689875950380152
w2v-pre,Word2Vec,100,43,0.1,0.715,0.7137907659862921
bert-cls,BERT,50,42,0.01,0.745,0.744993624840621
bert-cls,BERT,50,43,0.01,0.79,0.7899159663865546
bert-cls,BERT,100,42,0.01,0.755,0.7548467792370231
bert-cls,BERT,100,43,0.01,0.78,0.7798018216394755
bert-mean,BERT,50,42,10.0,0.685,0.6848030018761726
bert-mean,BERT,50,43,0.01,0.74,0.7393483709273183
bert-mean,BERT,100,42,0.01,0.69,0.6899689968996899
bert-mean,BERT,100,43,0.1,0.76,0.75997599759976
