case,gold,text
bert_right_tfidf_wrong,0,"Ben, (Rupert Grint), is a deeply unhappy adolescent, the son of his unhappily married parents. His father, (Nicholas Farrell), is a vicar and his mother, (Laura Linney), is ... well, let's just say she's a somewhat hypocritical soldier in Jesus' army. It's only when he takes a summer job as an assistant to a foul-mouthed, eccentric, once-famous and now-forgotten actress Evie Walton, (Julie Walters"
bert_right_tfidf_wrong,0,"The Forgotten (AKA: Don't Look In The Basement) is a very cheaply made and very old looking horror movie.<br /><br />The story is very slow and never really reaches anything worth getting excited about.<br /><br />The patients at the asylum are embarrassingly funny especially Sam and the old woman who always quotes an old saying to everyone. (Look out for the bit when she gets close to the camera,"
bert_right_tfidf_wrong,0,"I'm the type of guy who loves hood movies from New Jack City to Baby Boy to Killa Season, from the b grade to the Hollywood. but this movie was something different. i am no hater and this movie was kinda enjoyable. but some bits were just weird. well the acting wasn't to good, compared to Silkk The Shockers performance in Hot Boyz (quite good) and Ice-T in new Jack and SVU (great). the scene where"
bert_right_tfidf_wrong,0,An obvious vanity press for Julie in her first movie with Blake. Let's see. Where do we begin. She is a traitor during a world war; she redeems that by falling in love; her friends (who are presumably patriots because they are German citizens) are expendable and must die; and she winds up as a heroine. OK. The scenes with the drunken pilot and the buffoons who work for French intelligence can't ev
bert_right_tfidf_wrong,0,"Julie Andrews satirically prods her own goody-two-shoes image in this overproduced musical comedy-drama, but if she approaches her role with aplomb, she's alone in doing so. Blake Edwards' film about a woman who is both music-hall entertainer and German spy during WWI doesn't know what tone to aim for, and Rock Hudson has the thankless task of playing romantic second-fiddle. Musicals had grown out"
tfidf_right_bert_wrong,0,"Worth the entertainment value of a rental, especially if you like action movies. This one features the usual car chases, fights with the great Van Damme kick style, shooting battles with the 40 shell load shotgun, and even terrorist style bombs. All of this is entertaining and competently handled but there is nothing that really blows you away if you've seen your share before.<br /><br />The plot "
tfidf_right_bert_wrong,0,"Isaac Florentine has made some of the best western Martial Arts action movies ever produced. In particular US Seals 2, Cold Harvest, Special Forces and Undisputed 2 are all action classics. You can tell Isaac has a real passion for the genre and his films are always eventful, creative and sharp affairs, with some of the best fight sequences an action fan could hope for. In particular he has found "
tfidf_right_bert_wrong,0,"Blind Date (Columbia Pictures, 1934), was a decent film, but I have a few issues with this film. First of all, I don't fault the actors in this film at all, but more or less, I have a problem with the script. Also, I understand that this film was made in the 1930's and people were looking to escape reality, but the script made Ann Sothern's character look weak. She kept going back and forth betwee"
tfidf_right_bert_wrong,0,"Dr Stephens (Micheal Harvey) runs a mental asylum. He has a different approach to the insane. He conducts unorthodox methods of treatment. He treats everyone like family, there are no locks on the patients doors and he lets some of the inmates act out their twisted fantasies. He lets Sergeant Jaffee (Hugh Feagin) dress and act as a soldier and Harriet (Camilla Carr) be a mother to a doll, includin"
tfidf_right_bert_wrong,0,"Beware, My Lovely (1952) Dir: Harry Horner <br /><br />Production: The Filmmakers/RKO Radio Pictures<br /><br />Credulity-straining thriller from the pioneering producer team of Collier Young and Ida Lupino, aka The Filmmakers (with Lupino pitching in with some uncredited direction). <br /><br />Robert Ryan is the 'peril' and Ida Lupino is the 'woman' in this entry in the 'woman in peril' style fi"
