representation,family,slice,kind,n,accuracy,ci_lo,ci_hi,delta_vs_overall,C
tfidf,TF-IDF,imdb-test (all),reference,25000,0.9002,0.896319,0.904203,0.0,10.0
tfidf,TF-IDF,negation,linguistic,22049,0.9003129393623294,0.8959136468774094,0.9042144768470225,0.0001129393623293673,10.0
tfidf,TF-IDF,no-negation,linguistic,2951,0.8993561504574721,0.8885038969840733,0.9095306675703151,-0.0008438495425279191,10.0
tfidf,TF-IDF,contrast,linguistic,19898,0.8950648306362449,0.8908923007337421,0.8994873856669012,-0.005135169363755132,10.0
tfidf,TF-IDF,no-contrast,linguistic,5102,0.9202273618188945,0.9127793022344178,0.9270923167385339,0.02002736181889453,10.0
tfidf,TF-IDF,short (<128w),linguistic,6574,0.9082750228171586,0.9014260724064497,0.9151201703681168,0.00807502281715855,10.0
tfidf,TF-IDF,long (>400w),linguistic,3131,0.8926860427978281,0.881499520919834,0.9032258064516129,-0.00751395720217185,10.0
tfidf,TF-IDF,rotten-tomatoes,out-of-domain,1066,0.7504690431519699,0.723264540337711,0.775797373358349,-0.14973095684803006,10.0
tfidf,TF-IDF,twitter-airline,out-of-domain,3000,0.6873333333333334,0.6709916666666667,0.705,-0.21286666666666665,10.0
w2v-self,Word2Vec,imdb-test (all),reference,25000,0.86148,0.857439,0.865801,0.0,0.1
w2v-self,Word2Vec,negation,linguistic,22049,0.8609007211211392,0.8561351988752325,0.865438341874915,-0.0005792788788607783,0.1
w2v-self,Word2Vec,no-negation,linguistic,2951,0.8658082006099628,0.8529227380548967,0.8776685869196882,0.004328200609962751,0.1
w2v-self,Word2Vec,contrast,linguistic,19898,0.8546085033671725,0.849631872550005,0.8596856467986732,-0.00687149663282749,0.1
w2v-self,Word2Vec,no-contrast,linguistic,5102,0.8882791062328499,0.8794590356722853,0.8961191689533516,0.026799106232849867,0.1
w2v-self,Word2Vec,short (<128w),linguistic,6574,0.8614237906905994,0.8527532704593854,0.8697900821417706,-5.62093094006455e-05,0.1
w2v-self,Word2Vec,long (>400w),linguistic,3131,0.8623442989460236,0.8498802299584798,0.8748003832641329,0.0008642989460235784,0.1
w2v-self,Word2Vec,rotten-tomatoes,out-of-domain,1066,0.7204502814258912,0.6941838649155723,0.7476547842401501,-0.14102971857410884,0.1
w2v-self,Word2Vec,twitter-airline,out-of-domain,3000,0.7163333333333334,0.7016666666666667,0.7326666666666667,-0.14514666666666665,0.1
w2v-pre,Word2Vec,imdb-test (all),reference,25000,0.83668,0.832118,0.841042,0.0,0.1
w2v-pre,Word2Vec,negation,linguistic,22049,0.8346410268039367,0.8296510045807066,0.8395856954963944,-0.002038973196063276,0.1
w2v-pre,Word2Vec,no-negation,linguistic,2951,0.85191460521857,0.8393680108437818,0.8651389359539139,0.015234605218570008,0.1
w2v-pre,Word2Vec,contrast,linguistic,19898,0.8269675344255704,0.8213375716152378,0.8319956779575837,-0.009712465574429618,0.1
w2v-pre,Word2Vec,no-contrast,linguistic,5102,0.8745589964719718,0.8655331242649941,0.8833790670325362,0.03787899647197179,0.1
w2v-pre,Word2Vec,short (<128w),linguistic,6574,0.8491025250988744,0.8405841192576817,0.8573167021600243,0.012422525098874426,0.1
w2v-pre,Word2Vec,long (>400w),linguistic,3131,0.8211434046630469,0.8077291600127755,0.834238262535931,-0.015536595336953063,0.1
w2v-pre,Word2Vec,rotten-tomatoes,out-of-domain,1066,0.7166979362101313,0.6913461538461538,0.7439024390243902,-0.11998206378986864,0.1
w2v-pre,Word2Vec,twitter-airline,out-of-domain,3000,0.7426666666666667,0.7276583333333334,0.7586666666666667,-0.09401333333333328,0.1
bert-cls,BERT,imdb-test (all),reference,25000,0.8538,0.849436,0.858243,0.0,0.1
bert-cls,BERT,negation,linguistic,22049,0.8495623384280466,0.8446641571046306,0.8543244591591456,-0.004237661571953377,0.1
bert-cls,BERT,no-negation,linguistic,2951,0.8854625550660793,0.8729244323957981,0.8980006777363606,0.03166255506607929,0.1
bert-cls,BERT,contrast,linguistic,19898,0.8402351995175394,0.8352573122926927,0.8451113177203738,-0.01356480048246056,0.1
bert-cls,BERT,no-contrast,linguistic,5102,0.906703253626029,0.8990591924735398,0.9143473147785183,0.05290325362602899,0.1
bert-cls,BERT,short (<128w),linguistic,6574,0.8875874657742623,0.8798296318831762,0.8948889564952844,0.03378746577426228,0.1
bert-cls,BERT,long (>400w),linguistic,3131,0.7732353880549345,0.7588629830725008,0.7885659533695305,-0.08056461194506548,0.1
bert-cls,BERT,rotten-tomatoes,out-of-domain,1066,0.7514071294559099,0.7269934333958724,0.7776735459662288,-0.10239287054409008,0.1
bert-cls,BERT,twitter-airline,out-of-domain,3000,0.6956666666666667,0.6793333333333333,0.7113416666666666,-0.15813333333333335,0.1
bert-mean,BERT,imdb-test (all),reference,25000,0.86412,0.85996,0.868521,0.0,0.1
bert-mean,BERT,negation,linguistic,22049,0.8608100140595946,0.8562735271440882,0.8653034151208672,-0.0033099859404054355,0.1
bert-mean,BERT,no-negation,linguistic,2951,0.888851236868858,0.8776601152151813,0.9000338868180278,0.02473123686885803,0.1
bert-mean,BERT,contrast,linguistic,19898,0.8517438938586792,0.8470185445773445,0.8567695245753342,-0.012376106141320786,0.1
bert-mean,BERT,no-contrast,linguistic,5102,0.9123872990983928,0.904547236377891,0.9196393571148569,0.04826729909839278,0.1
bert-mean,BERT,short (<128w),linguistic,6574,0.8921508974749012,0.8849977182841496,0.8996045025859446,0.028030897474901173,0.1
bert-mean,BERT,long (>400w),linguistic,3131,0.7860108591504311,0.7713110827211754,0.79974449057809,-0.07810914084956888,0.1
bert-mean,BERT,rotten-tomatoes,out-of-domain,1066,0.7570356472795498,0.7326454033771107,0.7842401500938087,-0.10708435272045025,0.1
bert-mean,BERT,twitter-airline,out-of-domain,3000,0.6636666666666666,0.6469916666666666,0.6813416666666666,-0.20045333333333337,0.1
